Ligand,PubChem_CID,MW (g/mol),LogP,HBD,HBA,Rotatable_Bonds,TPSA (Ų)
Curcumin,969516,368.38499999999976,3.369900000000002,2,6,12,93.06
Apigenin,5280443,270.2399999999998,2.4196,3,5,4,86.99000000000001
Osimertinib,71496458,499.6189999999998,4.509800000000004,2,8,15,87.55
